Apo_PDB_ID;Holo_PDB_ID;low_RMSD;avg_RMSD;high_RMSD
1GUD_A;1RPJ_A;1,01;2,265;3,67
1I56_A;1EL1_A;0,41;0,9614;2,01
1IJA-15_A;2KID-4_A;0,42;2,6297;4,54
1JFJ-3_A;1JFK_A;0,22;7,6161;17,15
1K2H-4_A;1ZFS-13_B;0;3,0623;6,35
1LMZ-9_A;1P7M-18_A;0;1,8715;3,81
1MUT-11_A;1PUN-7_A;0,05;2,1903;5,21
1NJG_B;1NJF_A;0,53;1,0907;1,56
1SKT-10_A;1TNQ-33_A;0,46;3,7709;6,82
1SYM-2_B;1XYD-15_B;0;3,3721;6,55
1W4U-9_A;1UR6-4_A;0,18;1,8606;2,95
1Y3Q_A;1Y3N_A;0,12;1,4686;4,88
1YL5_B;1YL7_A;0,23;1,6225;3,89
1ZA1_A;1Q95_A;0;1,1763;2,19
2F63-4_A;1EQM_A;0,05;2,2115;4,54
2JWW-13_A;1RTP_1;0,25;1,7116;2,85
2KAX-5_A;2KAY-16_B;0,23;2,7916;5,38
2L50-24_A;2L51-15_B;0,13;2,3404;4,21
2LHS-6_A;2BEM_A;0,25;0,7258;1,53
2NLN-4_A;1RRO_A;0,19;1,425;3,89
