Apo_PDB_ID,Holo_PDB_ID,Ligands,Ions
1GUD_A,1RPJ_A,[],['ZN']
1I56_A,1EL1_A,[],['CA']
1IJA-15_A,2KID-4_A,[],['CA']
1JFJ-3_A,1JFK_A,[],['CA']
1K2H-4_A,1ZFS-13_B,[],['CA']
1LMZ-9_A,1P7M-18_A,[],['ZN']
1MUT-11_A,1PUN-7_A,[],['MG']
1NJG_B,1NJF_A,[],['ZN']
1SKT-10_A,1TNQ-33_A,[],['CA']
1SYM-2_B,1XYD-15_B,[],"['CA', 'ZN']"
1W4U-9_A,1UR6-4_A,[],['ZN']
1Y3Q_A,1Y3N_A,[],['CA']
1YL5_B,1YL7_A,[],['MG']
1ZA1_A,1Q95_A,[],['ZN']
2F63-4_A,1EQM_A,['ADP'],['MG']
2JWW-13_A,1RTP_1,[],['CA']
2KAX-5_A,2KAY-16_B,[],['CA']
2L50-24_A,2L51-15_B,[],['CA']
2LHS-6_A,2BEM_A,[],['NA']
2NLN-4_A,1RRO_A,[],['CA']
